{
  "scenario_A": {
    "LogReg": {
      "best_config": {
        "penalty": "l2",
        "C": 0.1
      },
      "val_roc_auc": 0.9580212234706617,
      "test_accuracy": 0.9112149532710281,
      "test_f1": 0.9425981873111783,
      "test_roc_auc": 0.9576829268292683,
      "test_confusion_matrix": [
        [
          39,
          11
        ],
        [
          8,
          156
        ]
      ],
      "test_classification_report": "              precision    recall  f1-score   support\n\n           0       0.83      0.78      0.80        50\n           1       0.93      0.95      0.94       164\n\n    accuracy                           0.91       214\n   macro avg       0.88      0.87      0.87       214\nweighted avg       0.91      0.91      0.91       214\n"
    },
    "RandomForest": {
      "best_config": {
        "n_estimators": 200,
        "max_depth": 6
      },
      "val_roc_auc": 0.9628589263420724,
      "test_accuracy": 0.9065420560747663,
      "test_f1": 0.9397590361445783,
      "test_roc_auc": 0.9642682926829268,
      "test_confusion_matrix": [
        [
          38,
          12
        ],
        [
          8,
          156
        ]
      ],
      "test_classification_report": "              precision    recall  f1-score   support\n\n           0       0.83      0.76      0.79        50\n           1       0.93      0.95      0.94       164\n\n    accuracy                           0.91       214\n   macro avg       0.88      0.86      0.87       214\nweighted avg       0.90      0.91      0.91       214\n"
    },
    "AdaBoost": {
      "best_config": {
        "n_estimators": 100,
        "learning_rate": 0.5
      },
      "val_roc_auc": 0.9747971285892635,
      "test_accuracy": 0.9252336448598131,
      "test_f1": 0.9526627218934911,
      "test_roc_auc": 0.959390243902439,
      "test_confusion_matrix": [
        [
          37,
          13
        ],
        [
          3,
          161
        ]
      ],
      "test_classification_report": "              precision    recall  f1-score   support\n\n           0       0.93      0.74      0.82        50\n           1       0.93      0.98      0.95       164\n\n    accuracy                           0.93       214\n   macro avg       0.93      0.86      0.89       214\nweighted avg       0.93      0.93      0.92       214\n"
    },
    "XGBoost": {
      "best_config": {
        "engine": "xgboost",
        "n_estimators": 100,
        "max_depth": 3,
        "learning_rate": 0.05,
        "scale_pos_weight": 0.23461538461538461
      },
      "val_roc_auc": 0.9703495630461922,
      "test_accuracy": 0.9018691588785047,
      "test_f1": 0.9345794392523364,
      "test_roc_auc": 0.9621951219512195,
      "test_confusion_matrix": [
        [
          43,
          7
        ],
        [
          14,
          150
        ]
      ],
      "test_classification_report": "              precision    recall  f1-score   support\n\n           0       0.75      0.86      0.80        50\n           1       0.96      0.91      0.93       164\n\n    accuracy                           0.90       214\n   macro avg       0.85      0.89      0.87       214\nweighted avg       0.91      0.90      0.90       214\n"
    },
    "SVM_RBF": {
      "best_config": {
        "C": 0.1,
        "gamma": "scale"
      },
      "val_roc_auc": 0.9598938826466916,
      "test_accuracy": 0.9112149532710281,
      "test_f1": 0.9425981873111783,
      "test_roc_auc": 0.9531707317073171,
      "test_confusion_matrix": [
        [
          39,
          11
        ],
        [
          8,
          156
        ]
      ],
      "test_classification_report": "              precision    recall  f1-score   support\n\n           0       0.83      0.78      0.80        50\n           1       0.93      0.95      0.94       164\n\n    accuracy                           0.91       214\n   macro avg       0.88      0.87      0.87       214\nweighted avg       0.91      0.91      0.91       214\n"
    }
  },
  "scenario_B": {
    "LogReg": {
      "best_config": {
        "penalty": "l2",
        "C": 10.0
      },
      "val_roc_auc": 0.8766591790892383,
      "test_accuracy": 0.7837837837837838,
      "test_f1": 0.8787878787878788,
      "test_roc_auc": 0.6896551724137931,
      "test_confusion_matrix": [
        [
          0,
          40
        ],
        [
          0,
          145
        ]
      ],
      "test_classification_report": "              precision    recall  f1-score   support\n\n           0       0.00      0.00      0.00        40\n           1       0.78      1.00      0.88       145\n\n    accuracy                           0.78       185\n   macro avg       0.39      0.50      0.44       185\nweighted avg       0.61      0.78      0.69       185\n"
    },
    "RandomForest": {
      "best_config": {
        "n_estimators": 200,
        "max_depth": null
      },
      "val_roc_auc": 0.8014090259342453,
      "test_accuracy": 0.7837837837837838,
      "test_f1": 0.8787878787878788,
      "test_roc_auc": 0.5151724137931035,
      "test_confusion_matrix": [
        [
          0,
          40
        ],
        [
          0,
          145
        ]
      ],
      "test_classification_report": "              precision    recall  f1-score   support\n\n           0       0.00      0.00      0.00        40\n           1       0.78      1.00      0.88       145\n\n    accuracy                           0.78       185\n   macro avg       0.39      0.50      0.44       185\nweighted avg       0.61      0.78      0.69       185\n"
    },
    "AdaBoost": {
      "best_config": {
        "n_estimators": 50,
        "learning_rate": 1.0
      },
      "val_roc_auc": 0.780937308556259,
      "test_accuracy": 0.7837837837837838,
      "test_f1": 0.8787878787878788,
      "test_roc_auc": 0.5902586206896552,
      "test_confusion_matrix": [
        [
          0,
          40
        ],
        [
          0,
          145
        ]
      ],
      "test_classification_report": "              precision    recall  f1-score   support\n\n           0       0.00      0.00      0.00        40\n           1       0.78      1.00      0.88       145\n\n    accuracy                           0.78       185\n   macro avg       0.39      0.50      0.44       185\nweighted avg       0.61      0.78      0.69       185\n"
    },
    "XGBoost": {
      "best_config": {
        "engine": "xgboost",
        "n_estimators": 100,
        "max_depth": 3,
        "learning_rate": 0.05,
        "scale_pos_weight": 0.00303951367781155
      },
      "val_roc_auc": 0.5,
      "test_accuracy": 0.21621621621621623,
      "test_f1": 0.0,
      "test_roc_auc": 0.5,
      "test_confusion_matrix": [
        [
          40,
          0
        ],
        [
          145,
          0
        ]
      ],
      "test_classification_report": "              precision    recall  f1-score   support\n\n           0       0.22      1.00      0.36        40\n           1       0.00      0.00      0.00       145\n\n    accuracy                           0.22       185\n   macro avg       0.11      0.50      0.18       185\nweighted avg       0.05      0.22      0.08       185\n"
    },
    "SVM_RBF": {
      "best_config": {
        "C": 1.0,
        "gamma": 0.1
      },
      "val_roc_auc": 0.8750255258321421,
      "test_accuracy": 0.7837837837837838,
      "test_f1": 0.8787878787878788,
      "test_roc_auc": 0.3627586206896551,
      "test_confusion_matrix": [
        [
          0,
          40
        ],
        [
          0,
          145
        ]
      ],